{"cameraMode":{"drawMode":0,"name":"Shaded","section":"Shading Mode"},"sceneLighting":true,"audioPlay":false,"sceneViewState":{"showFog":true,"showMaterialUpdate":false,"showSkybox":true,"showFlares":true,"showImageEffects":true,"showParticleSystems":true},"in2DMode":false,"pivot":{"x":-10.896328926086426,"y":0.9511716961860657,"z":-4.204882621765137},"rotation":{"x":0.18761950731277467,"y":-0.05154171958565712,"z":0.009859325364232064,"w":0.9808493852615356},"size":81.84010314941406,"orthographic":true}