{"cameraMode":{"drawMode":0,"name":"Shaded","section":"Shading Mode"},"sceneLighting":false,"audioPlay":false,"sceneViewState":{"showFog":true,"showMaterialUpdate":false,"showSkybox":false,"showFlares":true,"showImageEffects":true,"showParticleSystems":true},"in2DMode":false,"pivot":{"x":13.437579154968262,"y":-1.5114612579345704,"z":0.07599401473999024},"rotation":{"x":0.08078740537166596,"y":0.055290404707193378,"z":-0.004486958030611277,"w":0.9951930642127991},"size":49.336944580078128,"orthographic":true}